{
  "ibm02": {
    "proxy_before": 1.394582786287645,
    "proxy_after": 1.3831458266039598,
    "delta": -0.011436959683685188,
    "pct": -0.8200990142815526,
    "overlap_count": 7,
    "elapsed_s": 67.20771169662476
  }
}